id,expansion_factor
example1,4.172762498448865
example2,4.234239813334196
